<?xml version="1.0" encoding="UTF-8"?>
<spirit:component xmlns:xilinx="http://www.xilinx.com" xmlns:spirit="http://www.spiritconsortium.org/XMLSchema/SPIRIT/1685-2009" xmlns:xsi="http://www.w3.org/2001/XMLSchema-instance">
  <spirit:vendor>auger.org</spirit:vendor>
  <spirit:library>customized_ip</spirit:library>
  <spirit:name>uub_v3_clock_1pps_0_0</spirit:name>
  <spirit:version>1.0</spirit:version>
  <spirit:model>
    <spirit:ports>
      <spirit:port>
        <spirit:name>CLK120</spirit:name>
        <spirit:wire>
          <spirit:direction>in</spirit:direction>
          <spirit:wireTypeDefs>
            <spirit:wireTypeDef>
              <spirit:typeName>std_logic</spirit:typeName>
              <spirit:viewNameRef>dummy_view</spirit:viewNameRef>
            </spirit:wireTypeDef>
          </spirit:wireTypeDefs>
        </spirit:wire>
      </spirit:port>
      <spirit:port>
        <spirit:name>CLK1PPS</spirit:name>
        <spirit:wire>
          <spirit:direction>out</spirit:direction>
          <spirit:wireTypeDefs>
            <spirit:wireTypeDef>
              <spirit:typeName>reg</spirit:typeName>
              <spirit:viewNameRef>dummy_view</spirit:viewNameRef>
            </spirit:wireTypeDef>
          </spirit:wireTypeDefs>
        </spirit:wire>
      </spirit:port>
    </spirit:ports>
  </spirit:model>
  <spirit:description>clock_1pps_v1_0</spirit:description>
  <spirit:parameters>
    <spirit:parameter>
      <spirit:name>Component_Name</spirit:name>
      <spirit:value spirit:resolve="user" spirit:id="PARAM_VALUE.Component_Name" spirit:order="1">uub_v3_clock_1pps_0_0</spirit:value>
    </spirit:parameter>
  </spirit:parameters>
  <spirit:vendorExtensions>
    <xilinx:coreExtensions>
      <xilinx:supportedFamilies>
        <xilinx:family xilinx:lifeCycle="Production">zynq</xilinx:family>
      </xilinx:supportedFamilies>
      <xilinx:taxonomies>
        <xilinx:taxonomy>/UserIP</xilinx:taxonomy>
      </xilinx:taxonomies>
      <xilinx:displayName>clock_1pps_v1_0</xilinx:displayName>
      <xilinx:coreRevision>2</xilinx:coreRevision>
      <xilinx:coreCreationDateTime>2015-12-18T20:52:41Z</xilinx:coreCreationDateTime>
      <xilinx:tags>
        <xilinx:tag xilinx:name="user.org:user:clock_1pps:1.0_ARCHIVE_LOCATION">/afs/auger.mtu.edu/common/scratch/dfnitz/svn_checkouts/beyond_2015_sde_pld/trunk/ip_repo/clock_1pps/clock_1pps.srcs/sources_1/imports</xilinx:tag>
        <xilinx:tag xilinx:name="auger.org:user:clock_1pps:1.0_ARCHIVE_LOCATION">/afs/auger.mtu.edu/common/scratch/dfnitz/svn_checkouts/beyond_2015_sde_pld/trunk/ip_repo/clock_1pps/clock_1pps.srcs/sources_1/imports</xilinx:tag>
        <xilinx:tag xilinx:name="auger.org:dfnitz:clock_1pps:1.0_ARCHIVE_LOCATION">/afs/auger.mtu.edu/common/scratch/dfnitz/svn_checkouts/beyond_2015_sde_pld/trunk/ip_repo/clock_1pps/clock_1pps.srcs/sources_1/imports</xilinx:tag>
      </xilinx:tags>
    </xilinx:coreExtensions>
    <xilinx:packagingInfo>
      <xilinx:xilinxVersion>2015.2</xilinx:xilinxVersion>
      <xilinx:checksum xilinx:scope="fileGroups" xilinx:value="653f9cba"/>
      <xilinx:checksum xilinx:scope="ports" xilinx:value="a26ca4d9"/>
      <xilinx:checksum xilinx:scope="parameters" xilinx:value="07fab75c"/>
    </xilinx:packagingInfo>
  </spirit:vendorExtensions>
</spirit:component>