<?xml version="1.0" encoding="UTF-8"?>
<spirit:component xmlns:xilinx="http://www.xilinx.com" xmlns:spirit="http://www.spiritconsortium.org/XMLSchema/SPIRIT/1685-2009" xmlns:xsi="http://www.w3.org/2001/XMLSchema-instance">
  <spirit:vendor>xilinx.com</spirit:vendor>
  <spirit:library>customized_ip</spirit:library>
  <spirit:name>bram_temp</spirit:name>
  <spirit:version>1.0</spirit:version>
  <spirit:model>
    <spirit:ports>
      <spirit:port>
        <spirit:name>const</spirit:name>
        <spirit:wire>
          <spirit:direction>out</spirit:direction>
          <spirit:vector>
            <spirit:left spirit:format="long" spirit:resolve="immediate">0</spirit:left>
            <spirit:right spirit:format="long" spirit:resolve="immediate">0</spirit:right>
          </spirit:vector>
          <spirit:wireTypeDefs>
            <spirit:wireTypeDef>
              <spirit:typeName>std_logic_vector</spirit:typeName>
              <spirit:viewNameRef>dummy_view</spirit:viewNameRef>
            </spirit:wireTypeDef>
          </spirit:wireTypeDefs>
        </spirit:wire>
      </spirit:port>
    </spirit:ports>
  </spirit:model>
  <spirit:description>intf_bram_v1_0</spirit:description>
  <spirit:parameters>
    <spirit:parameter>
      <spirit:name>MASTER_TYPE</spirit:name>
      <spirit:displayName>Master Type</spirit:displayName>
      <spirit:value spirit:format="string" spirit:resolve="user" spirit:id="PARAM_VALUE.MASTER_TYPE" spirit:order="1100">0</spirit:value>
    </spirit:parameter>
    <spirit:parameter>
      <spirit:name>MEM_ECC</spirit:name>
      <spirit:displayName>Mem Ecc</spirit:displayName>
      <spirit:value spirit:format="string" spirit:resolve="user" spirit:id="PARAM_VALUE.MEM_ECC" spirit:order="1200">0</spirit:value>
    </spirit:parameter>
    <spirit:parameter>
      <spirit:name>MEM_WIDTH</spirit:name>
      <spirit:displayName>Mem Width</spirit:displayName>
      <spirit:value spirit:format="long" spirit:resolve="user" spirit:id="PARAM_VALUE.MEM_WIDTH" spirit:order="1300">0</spirit:value>
    </spirit:parameter>
    <spirit:parameter>
      <spirit:name>MEM_SIZE</spirit:name>
      <spirit:displayName>Mem Size</spirit:displayName>
      <spirit:value spirit:format="long" spirit:resolve="user" spirit:id="PARAM_VALUE.MEM_SIZE" spirit:order="1400">0</spirit:value>
    </spirit:parameter>
    <spirit:parameter>
      <spirit:name>Component_Name</spirit:name>
      <spirit:value spirit:resolve="user" spirit:id="PARAM_VALUE.Component_Name" spirit:order="1">bram_temp</spirit:value>
    </spirit:parameter>
  </spirit:parameters>
  <spirit:vendorExtensions>
    <xilinx:coreExtensions>
      <xilinx:supportedFamilies>
        <xilinx:family xilinx:lifeCycle="Hidden">virtex7</xilinx:family>
        <xilinx:family xilinx:lifeCycle="Hidden">qvirtex7</xilinx:family>
        <xilinx:family xilinx:lifeCycle="Hidden">kintex7</xilinx:family>
        <xilinx:family xilinx:lifeCycle="Hidden">kintex7l</xilinx:family>
        <xilinx:family xilinx:lifeCycle="Hidden">qkintex7</xilinx:family>
        <xilinx:family xilinx:lifeCycle="Hidden">qkintex7l</xilinx:family>
        <xilinx:family xilinx:lifeCycle="Hidden">artix7</xilinx:family>
        <xilinx:family xilinx:lifeCycle="Hidden">artix7l</xilinx:family>
        <xilinx:family xilinx:lifeCycle="Hidden">aartix7</xilinx:family>
        <xilinx:family xilinx:lifeCycle="Hidden">qartix7</xilinx:family>
        <xilinx:family xilinx:lifeCycle="Hidden">zynq</xilinx:family>
        <xilinx:family xilinx:lifeCycle="Hidden">qzynq</xilinx:family>
        <xilinx:family xilinx:lifeCycle="Hidden">azynq</xilinx:family>
        <xilinx:family xilinx:lifeCycle="Hidden">virtexu</xilinx:family>
        <xilinx:family xilinx:lifeCycle="Hidden">kintexu</xilinx:family>
      </xilinx:supportedFamilies>
      <xilinx:taxonomies>
        <xilinx:taxonomy>/BaseIP</xilinx:taxonomy>
      </xilinx:taxonomies>
      <xilinx:displayName>intf_bram_v1_0</xilinx:displayName>
      <xilinx:designToolContexts>
        <xilinx:designToolContext>IPI</xilinx:designToolContext>
      </xilinx:designToolContexts>
      <xilinx:coreRevision>1</xilinx:coreRevision>
      <xilinx:coreCreationDateTime>2013-07-29T22:50:25Z</xilinx:coreCreationDateTime>
      <xilinx:tags>
        <xilinx:tag xilinx:name="nopcore"/>
      </xilinx:tags>
    </xilinx:coreExtensions>
    <xilinx:packagingInfo>
      <xilinx:xilinxVersion>2013.3.0</xilinx:xilinxVersion>
    </xilinx:packagingInfo>
  </spirit:vendorExtensions>
</spirit:component>